{
  "avg_recall": 0.4088987780290431,
  "avg_precision": 0.4309147557081136,
  "avg_f1": 0.4166200898332274,
  "success_rate": 0.6021505376344086
}