{
  "avg_recall": 0.4427676084372428,
  "avg_precision": 0.4728546074551889,
  "avg_f1": 0.4533490436435027,
  "success_rate": 0.58
}