{
  "avg_recall": 0.506211418292988,
  "avg_precision": 0.5611968715025465,
  "avg_f1": 0.5268008083880785,
  "success_rate": 0.763
}