{
  "avg_recall": 0.6785959670425444,
  "avg_precision": 0.6759052477293659,
  "avg_f1": 0.6757774230468403,
  "success_rate": 0.809
}