{
  "avg_recall": 0.33145306132272556,
  "avg_precision": 0.35277281200948013,
  "avg_f1": 0.3386661179572077,
  "success_rate": 0.395
}