{
  "avg_recall": 0.40004575057694586,
  "avg_precision": 0.42388836001612995,
  "avg_f1": 0.40825656844662134,
  "success_rate": 0.5366528354080221
}