{
  "avg_recall": 0.3462785393923442,
  "avg_precision": 0.3773939964643187,
  "avg_f1": 0.3549534321211305,
  "success_rate": 0.506
}