{
  "avg_recall": 0.44361696247761645,
  "avg_precision": 0.4666966064465397,
  "avg_f1": 0.4505431140530101,
  "success_rate": 0.6064073226544623
}