{
  "avg_recall": 0.4421657560025183,
  "avg_precision": 0.46634022426087407,
  "avg_f1": 0.4498287846238528,
  "success_rate": 0.6351351351351351
}