{
  "avg_recall": 0.41898088137933853,
  "avg_precision": 0.44831613417206284,
  "avg_f1": 0.42898808693718854,
  "success_rate": 0.54
}