{
  "avg_recall": 0.39691216854709904,
  "avg_precision": 0.41973179514737025,
  "avg_f1": 0.40457354303504167,
  "success_rate": 0.5504032258064516
}