{
  "avg_recall": 0.4988650115904767,
  "avg_precision": 0.5082609342240126,
  "avg_f1": 0.5011432830314373,
  "success_rate": 0.676
}