{
  "success_rate": 0.842,
  "avg_recall": 0.625746455360982,
  "avg_precision": 0.6414422764926457,
  "avg_f1": 0.6270447297905766
}