{
  "avg_recall": 0.4577693429465971,
  "avg_precision": 0.48755402736627607,
  "avg_f1": 0.468173942380438,
  "success_rate": 0.6287878787878788
}